IndicatorType,IndicatorValue,ExpirationTime,Action,Severity,Title,Description,RecommendedActions,RbacGroups,Category,MitreTechniques,GenerateAlert
DomainName,onedrivew.com,,Block,,Dnstwist addition,Reason for DNSTwist Block: addition,,,,,False
DomainName,xn--ondiv-mrc2060cea.com,,Block,,Dnstwist homoglyph,Reason for DNSTwist Block: homoglyph,,,,,False
DomainName,xn--ondiv-mrc8071cea.com,,Block,,Dnstwist homoglyph,Reason for DNSTwist Block: homoglyph,,,,,False
DomainName,xn--ondiv-osad1341d.com,,Block,,Dnstwist homoglyph,Reason for DNSTwist Block: homoglyph,,,,,False
DomainName,xn--ondiv-osad153a.com,,Block,,Dnstwist homoglyph,Reason for DNSTwist Block: homoglyph,,,,,False
DomainName,xn--ondiv-osad19f.com,,Block,,Dnstwist homoglyph,Reason for DNSTwist Block: homoglyph,,,,,False
DomainName,xn--ondiv-osad34z.com,,Block,,Dnstwist homoglyph,Reason for DNSTwist Block: homoglyph,,,,,False
DomainName,xn--ondiv-osad36u.com,,Block,,Dnstwist homoglyph,Reason for DNSTwist Block: homoglyph,,,,,False
DomainName,xn--ondiv-osad3831d.com,,Block,,Dnstwist homoglyph,Reason for DNSTwist Block: homoglyph,,,,,False
DomainName,xn--ondiv-osad533a.com,,Block,,Dnstwist homoglyph,Reason for DNSTwist Block: homoglyph,,,,,False
DomainName,xn--ondiv-osad57f.com,,Block,,Dnstwist homoglyph,Reason for DNSTwist Block: homoglyph,,,,,False
DomainName,xn--ondiv-osad723a.com,,Block,,Dnstwist homoglyph,Reason for DNSTwist Block: homoglyph,,,,,False
DomainName,xn--ondiv-osad913a.com,,Block,,Dnstwist homoglyph,Reason for DNSTwist Block: homoglyph,,,,,False
DomainName,xn--ondiv-osad95f.com,,Block,,Dnstwist homoglyph,Reason for DNSTwist Block: homoglyph,,,,,False
DomainName,xn--ondiv-osad97u.com,,Block,,Dnstwist homoglyph,Reason for DNSTwist Block: homoglyph,,,,,False
DomainName,xn--ondiv-osad9931d.com,,Block,,Dnstwist homoglyph,Reason for DNSTwist Block: homoglyph,,,,,False
DomainName,xn--ondiv-src1071cea.com,,Block,,Dnstwist homoglyph,Reason for DNSTwist Block: homoglyph,,,,,False
DomainName,xn--ondiv-src5950cea.com,,Block,,Dnstwist homoglyph,Reason for DNSTwist Block: homoglyph,,,,,False
DomainName,xn--ondiv-vbb0873cea.com,,Block,,Dnstwist homoglyph,Reason for DNSTwist Block: homoglyph,,,,,False
DomainName,xn--ondiv-vbb4762cea.com,,Block,,Dnstwist homoglyph,Reason for DNSTwist Block: homoglyph,,,,,False
DomainName,xn--ondiv-vbb60oea.com,,Block,,Dnstwist homoglyph,Reason for DNSTwist Block: homoglyph,,,,,False
DomainName,xn--ondiv-vbb69lea.com,,Block,,Dnstwist homoglyph,Reason for DNSTwist Block: homoglyph,,,,,False
DomainName,xn--ondiv-vzad19z.com,,Block,,Dnstwist homoglyph,Reason for DNSTwist Block: homoglyph,,,,,False
DomainName,xn--ondiv-vzad32c.com,,Block,,Dnstwist homoglyph,Reason for DNSTwist Block: homoglyph,,,,,False
DomainName,xn--ondiv-vzad34r.com,,Block,,Dnstwist homoglyph,Reason for DNSTwist Block: homoglyph,,,,,False
DomainName,xn--ondiv-vzad3601d.com,,Block,,Dnstwist homoglyph,Reason for DNSTwist Block: homoglyph,,,,,False
DomainName,xn--ondiv-vzad38z.com,,Block,,Dnstwist homoglyph,Reason for DNSTwist Block: homoglyph,,,,,False
DomainName,xn--ondiv-vzad510a.com,,Block,,Dnstwist homoglyph,Reason for DNSTwist Block: homoglyph,,,,,False
DomainName,xn--ondiv-vzad55c.com,,Block,,Dnstwist homoglyph,Reason for DNSTwist Block: homoglyph,,,,,False
DomainName,xn--ondiv-vzad5901d.com,,Block,,Dnstwist homoglyph,Reason for DNSTwist Block: homoglyph,,,,,False
DomainName,xn--ondiv-vzad70w.com,,Block,,Dnstwist homoglyph,Reason for DNSTwist Block: homoglyph,,,,,False
DomainName,xn--ondiv-vzad72r.com,,Block,,Dnstwist homoglyph,Reason for DNSTwist Block: homoglyph,,,,,False
DomainName,xn--ondiv-vzad7401d.com,,Block,,Dnstwist homoglyph,Reason for DNSTwist Block: homoglyph,,,,,False
DomainName,xn--ondiv-vzad93c.com,,Block,,Dnstwist homoglyph,Reason for DNSTwist Block: homoglyph,,,,,False
DomainName,xn--ondiv-vzad99z.com,,Block,,Dnstwist homoglyph,Reason for DNSTwist Block: homoglyph,,,,,False
DomainName,xn--ondiv-w0ad15z.com,,Block,,Dnstwist homoglyph,Reason for DNSTwist Block: homoglyph,,,,,False
DomainName,xn--ondiv-w0ad19b.com,,Block,,Dnstwist homoglyph,Reason for DNSTwist Block: homoglyph,,,,,False
DomainName,xn--ondiv-w0ad34z.com,,Block,,Dnstwist homoglyph,Reason for DNSTwist Block: homoglyph,,,,,False
DomainName,xn--ondiv-w0ad5101d.com,,Block,,Dnstwist homoglyph,Reason for DNSTwist Block: homoglyph,,,,,False
DomainName,xn--ondiv-w0ad53z.com,,Block,,Dnstwist homoglyph,Reason for DNSTwist Block: homoglyph,,,,,False
DomainName,xn--ondiv-w0ad57b.com,,Block,,Dnstwist homoglyph,Reason for DNSTwist Block: homoglyph,,,,,False
DomainName,xn--ondiv-w0ad59q.com,,Block,,Dnstwist homoglyph,Reason for DNSTwist Block: homoglyph,,,,,False
DomainName,xn--ondiv-w0ad70c.com,,Block,,Dnstwist homoglyph,Reason for DNSTwist Block: homoglyph,,,,,False
DomainName,xn--ondiv-w0ad7401d.com,,Block,,Dnstwist homoglyph,Reason for DNSTwist Block: homoglyph,,,,,False
DomainName,xn--ondiv-w0ad76z.com,,Block,,Dnstwist homoglyph,Reason for DNSTwist Block: homoglyph,,,,,False
DomainName,xn--ondiv-w0ad95v.com,,Block,,Dnstwist homoglyph,Reason for DNSTwist Block: homoglyph,,,,,False
DomainName,xn--ondiv-w0ad97q.com,,Block,,Dnstwist homoglyph,Reason for DNSTwist Block: homoglyph,,,,,False
DomainName,xn--ondiv-w0ad9990d.com,,Block,,Dnstwist homoglyph,Reason for DNSTwist Block: homoglyph,,,,,False
DomainName,xn--ondive-43a11w.com,,Block,,Dnstwist homoglyph,Reason for DNSTwist Block: homoglyph,,,,,False
DomainName,xn--ondive-43a13r.com,,Block,,Dnstwist homoglyph,Reason for DNSTwist Block: homoglyph,,,,,False
DomainName,xn--ondive-43a1501d.com,,Block,,Dnstwist homoglyph,Reason for DNSTwist Block: homoglyph,,,,,False
DomainName,xn--ondive-43a300a.com,,Block,,Dnstwist homoglyph,Reason for DNSTwist Block: homoglyph,,,,,False
DomainName,xn--ondive-43a34c.com,,Block,,Dnstwist homoglyph,Reason for DNSTwist Block: homoglyph,,,,,False
DomainName,xn--ondive-43a59z.com,,Block,,Dnstwist homoglyph,Reason for DNSTwist Block: homoglyph,,,,,False
DomainName,xn--ondive-43a72c.com,,Block,,Dnstwist homoglyph,Reason for DNSTwist Block: homoglyph,,,,,False
DomainName,xn--ondive-43a74r.com,,Block,,Dnstwist homoglyph,Reason for DNSTwist Block: homoglyph,,,,,False
DomainName,xn--ondive-43a7601d.com,,Block,,Dnstwist homoglyph,Reason for DNSTwist Block: homoglyph,,,,,False
DomainName,xn--ondive-43a78z.com,,Block,,Dnstwist homoglyph,Reason for DNSTwist Block: homoglyph,,,,,False
DomainName,xn--ondive-43a910a.com,,Block,,Dnstwist homoglyph,Reason for DNSTwist Block: homoglyph,,,,,False
DomainName,xn--ondive-43a95c.com,,Block,,Dnstwist homoglyph,Reason for DNSTwist Block: homoglyph,,,,,False
DomainName,xn--ondive-43a9901d.com,,Block,,Dnstwist homoglyph,Reason for DNSTwist Block: homoglyph,,,,,False
DomainName,xn--ondive-4k7b7u.com,,Block,,Dnstwist homoglyph,Reason for DNSTwist Block: homoglyph,,,,,False
DomainName,xn--ondive-4k7bru.com,,Block,,Dnstwist homoglyph,Reason for DNSTwist Block: homoglyph,,,,,False
DomainName,xn--ondive-4k7brw.com,,Block,,Dnstwist homoglyph,Reason for DNSTwist Block: homoglyph,,,,,False
DomainName,xn--ondive-4ua1141d.com,,Block,,Dnstwist homoglyph,Reason for DNSTwist Block: homoglyph,,,,,False
DomainName,xn--ondive-4ua17z.com,,Block,,Dnstwist homoglyph,Reason for DNSTwist Block: homoglyph,,,,,False
DomainName,xn--ondive-4ua19u.com,,Block,,Dnstwist homoglyph,Reason for DNSTwist Block: homoglyph,,,,,False
DomainName,xn--ondive-4ua30g.com,,Block,,Dnstwist homoglyph,Reason for DNSTwist Block: homoglyph,,,,,False
DomainName,xn--ondive-4ua363a.com,,Block,,Dnstwist homoglyph,Reason for DNSTwist Block: homoglyph,,,,,False
DomainName,xn--ondive-4ua553a.com,,Block,,Dnstwist homoglyph,Reason for DNSTwist Block: homoglyph,,,,,False
DomainName,xn--ondive-4ua70v.com,,Block,,Dnstwist homoglyph,Reason for DNSTwist Block: homoglyph,,,,,False
DomainName,xn--ondive-4ua7241d.com,,Block,,Dnstwist homoglyph,Reason for DNSTwist Block: homoglyph,,,,,False
DomainName,xn--ondive-4ua743a.com,,Block,,Dnstwist homoglyph,Reason for DNSTwist Block: homoglyph,,,,,False
DomainName,xn--ondive-4ua78f.com,,Block,,Dnstwist homoglyph,Reason for DNSTwist Block: homoglyph,,,,,False
DomainName,xn--ondive-4ua91g.com,,Block,,Dnstwist homoglyph,Reason for DNSTwist Block: homoglyph,,,,,False
DomainName,xn--ondive-4ua9541d.com,,Block,,Dnstwist homoglyph,Reason for DNSTwist Block: homoglyph,,,,,False
DomainName,xn--ondive-4ua973a.com,,Block,,Dnstwist homoglyph,Reason for DNSTwist Block: homoglyph,,,,,False
DomainName,xn--ondive-55c2767c.com,,Block,,Dnstwist homoglyph,Reason for DNSTwist Block: homoglyph,,,,,False
DomainName,xn--ondive-55c6398c.com,,Block,,Dnstwist homoglyph,Reason for DNSTwist Block: homoglyph,,,,,False
DomainName,xn--ondive-c5a11c.com,,Block,,Dnstwist homoglyph,Reason for DNSTwist Block: homoglyph,,,,,False
DomainName,xn--ondive-c5a1501d.com,,Block,,Dnstwist homoglyph,Reason for DNSTwist Block: homoglyph,,,,,False
DomainName,xn--ondive-c5a17z.com,,Block,,Dnstwist homoglyph,Reason for DNSTwist Block: homoglyph,,,,,False
DomainName,xn--ondive-c5a3001d.com,,Block,,Dnstwist homoglyph,Reason for DNSTwist Block: homoglyph,,,,,False
DomainName,xn--ondive-c5a36v.com,,Block,,Dnstwist homoglyph,Reason for DNSTwist Block: homoglyph,,,,,False
DomainName,xn--ondive-c5a38q.com,,Block,,Dnstwist homoglyph,Reason for DNSTwist Block: homoglyph,,,,,False
DomainName,xn--ondive-c5a55z.com,,Block,,Dnstwist homoglyph,Reason for DNSTwist Block: homoglyph,,,,,False
DomainName,xn--ondive-c5a59b.com,,Block,,Dnstwist homoglyph,Reason for DNSTwist Block: homoglyph,,,,,False
DomainName,xn--ondive-c5a74z.com,,Block,,Dnstwist homoglyph,Reason for DNSTwist Block: homoglyph,,,,,False
DomainName,xn--ondive-c5a9101d.com,,Block,,Dnstwist homoglyph,Reason for DNSTwist Block: homoglyph,,,,,False
DomainName,xn--ondive-c5a93z.com,,Block,,Dnstwist homoglyph,Reason for DNSTwist Block: homoglyph,,,,,False
DomainName,xn--ondive-c5a97b.com,,Block,,Dnstwist homoglyph,Reason for DNSTwist Block: homoglyph,,,,,False
DomainName,xn--ondive-c5a99q.com,,Block,,Dnstwist homoglyph,Reason for DNSTwist Block: homoglyph,,,,,False
DomainName,xn--ondive-cpc11e.com,,Block,,Dnstwist homoglyph,Reason for DNSTwist Block: homoglyph,,,,,False
DomainName,xn--ondive-cpc1988c.com,,Block,,Dnstwist homoglyph,Reason for DNSTwist Block: homoglyph,,,,,False
DomainName,xn--ondive-cpc30a.com,,Block,,Dnstwist homoglyph,Reason for DNSTwist Block: homoglyph,,,,,False
DomainName,xn--ondive-cpc3488c.com,,Block,,Dnstwist homoglyph,Reason for DNSTwist Block: homoglyph,,,,,False
DomainName,xn--ondive-cpc59d.com,,Block,,Dnstwist homoglyph,Reason for DNSTwist Block: homoglyph,,,,,False
DomainName,xn--ondive-cpc78d.com,,Block,,Dnstwist homoglyph,Reason for DNSTwist Block: homoglyph,,,,,False
DomainName,xn--ondive-cpc9588c.com,,Block,,Dnstwist homoglyph,Reason for DNSTwist Block: homoglyph,,,,,False
DomainName,xn--ondive-cpc97d.com,,Block,,Dnstwist homoglyph,Reason for DNSTwist Block: homoglyph,,,,,False
DomainName,xn--ondive-cva11g.com,,Block,,Dnstwist homoglyph,Reason for DNSTwist Block: homoglyph,,,,,False
DomainName,xn--ondive-cva1541d.com,,Block,,Dnstwist homoglyph,Reason for DNSTwist Block: homoglyph,,,,,False
DomainName,xn--ondive-cva173a.com,,Block,,Dnstwist homoglyph,Reason for DNSTwist Block: homoglyph,,,,,False
DomainName,xn--ondive-cva3041d.com,,Block,,Dnstwist homoglyph,Reason for DNSTwist Block: homoglyph,,,,,False
DomainName,xn--ondive-cva36z.com,,Block,,Dnstwist homoglyph,Reason for DNSTwist Block: homoglyph,,,,,False
DomainName,xn--ondive-cva38u.com,,Block,,Dnstwist homoglyph,Reason for DNSTwist Block: homoglyph,,,,,False
DomainName,xn--ondive-cva553a.com,,Block,,Dnstwist homoglyph,Reason for DNSTwist Block: homoglyph,,,,,False
DomainName,xn--ondive-cva59f.com,,Block,,Dnstwist homoglyph,Reason for DNSTwist Block: homoglyph,,,,,False
DomainName,xn--ondive-cva743a.com,,Block,,Dnstwist homoglyph,Reason for DNSTwist Block: homoglyph,,,,,False
DomainName,xn--ondive-cva9141d.com,,Block,,Dnstwist homoglyph,Reason for DNSTwist Block: homoglyph,,,,,False
DomainName,xn--ondive-cva933a.com,,Block,,Dnstwist homoglyph,Reason for DNSTwist Block: homoglyph,,,,,False
DomainName,xn--ondive-cva97f.com,,Block,,Dnstwist homoglyph,Reason for DNSTwist Block: homoglyph,,,,,False
DomainName,xn--ondive-cva99u.com,,Block,,Dnstwist homoglyph,Reason for DNSTwist Block: homoglyph,,,,,False
DomainName,xn--ondive-cvc1568c.com,,Block,,Dnstwist homoglyph,Reason for DNSTwist Block: homoglyph,,,,,False
DomainName,xn--ondive-cvc17b.com,,Block,,Dnstwist homoglyph,Reason for DNSTwist Block: homoglyph,,,,,False
DomainName,xn--ondive-cvc3068c.com,,Block,,Dnstwist homoglyph,Reason for DNSTwist Block: homoglyph,,,,,False
DomainName,xn--ondive-cvc3c.com,,Block,,Dnstwist homoglyph,Reason for DNSTwist Block: homoglyph,,,,,False
DomainName,xn--ondive-cvc55b.com,,Block,,Dnstwist homoglyph,Reason for DNSTwist Block: homoglyph,,,,,False
DomainName,xn--ondive-cvc74b.com,,Block,,Dnstwist homoglyph,Reason for DNSTwist Block: homoglyph,,,,,False
DomainName,xn--ondive-cvc9168c.com,,Block,,Dnstwist homoglyph,Reason for DNSTwist Block: homoglyph,,,,,False
DomainName,xn--ondive-cvc93b.com,,Block,,Dnstwist homoglyph,Reason for DNSTwist Block: homoglyph,,,,,False
DomainName,xn--ondive-d6c4667c.com,,Block,,Dnstwist homoglyph,Reason for DNSTwist Block: homoglyph,,,,,False
DomainName,xn--ondive-d6c8298c.com,,Block,,Dnstwist homoglyph,Reason for DNSTwist Block: homoglyph,,,,,False
DomainName,xn--ondive-dib23q.com,,Block,,Dnstwist homoglyph,Reason for DNSTwist Block: homoglyph,,,,,False
DomainName,xn--ondive-dib29n.com,,Block,,Dnstwist homoglyph,Reason for DNSTwist Block: homoglyph,,,,,False
DomainName,xn--ondive-dib4200d.com,,Block,,Dnstwist homoglyph,Reason for DNSTwist Block: homoglyph,,,,,False
DomainName,xn--ondive-dib8821d.com,,Block,,Dnstwist homoglyph,Reason for DNSTwist Block: homoglyph,,,,,False
DomainName,xn--ondive-j4a11c.com,,Block,,Dnstwist homoglyph,Reason for DNSTwist Block: homoglyph,,,,,False
DomainName,xn--ondive-j4a13r.com,,Block,,Dnstwist homoglyph,Reason for DNSTwist Block: homoglyph,,,,,False
DomainName,xn--ondive-j4a1501d.com,,Block,,Dnstwist homoglyph,Reason for DNSTwist Block: homoglyph,,,,,False
DomainName,xn--ondive-j4a17z.com,,Block,,Dnstwist homoglyph,Reason for DNSTwist Block: homoglyph,,,,,False
DomainName,xn--ondive-j4a300a.com,,Block,,Dnstwist homoglyph,Reason for DNSTwist Block: homoglyph,,,,,False
DomainName,xn--ondive-j4a34c.com,,Block,,Dnstwist homoglyph,Reason for DNSTwist Block: homoglyph,,,,,False
DomainName,xn--ondive-j4a3801d.com,,Block,,Dnstwist homoglyph,Reason for DNSTwist Block: homoglyph,,,,,False
DomainName,xn--ondive-j4a51r.com,,Block,,Dnstwist homoglyph,Reason for DNSTwist Block: homoglyph,,,,,False
DomainName,xn--ondive-j4a5301d.com,,Block,,Dnstwist homoglyph,Reason for DNSTwist Block: homoglyph,,,,,False
DomainName,xn--ondive-j4a59v.com,,Block,,Dnstwist homoglyph,Reason for DNSTwist Block: homoglyph,,,,,False
DomainName,xn--ondive-j4a72c.com,,Block,,Dnstwist homoglyph,Reason for DNSTwist Block: homoglyph,,,,,False
DomainName,xn--ondive-j4a78z.com,,Block,,Dnstwist homoglyph,Reason for DNSTwist Block: homoglyph,,,,,False
DomainName,xn--ondive-j4a97z.com,,Block,,Dnstwist homoglyph,Reason for DNSTwist Block: homoglyph,,,,,False
DomainName,xn--ondive-jva1141d.com,,Block,,Dnstwist homoglyph,Reason for DNSTwist Block: homoglyph,,,,,False
DomainName,xn--ondive-jva133a.com,,Block,,Dnstwist homoglyph,Reason for DNSTwist Block: homoglyph,,,,,False
DomainName,xn--ondive-jva17f.com,,Block,,Dnstwist homoglyph,Reason for DNSTwist Block: homoglyph,,,,,False
DomainName,xn--ondive-jva19u.com,,Block,,Dnstwist homoglyph,Reason for DNSTwist Block: homoglyph,,,,,False
DomainName,xn--ondive-jva30g.com,,Block,,Dnstwist homoglyph,Reason for DNSTwist Block: homoglyph,,,,,False
DomainName,xn--ondive-jva3441d.com,,Block,,Dnstwist homoglyph,Reason for DNSTwist Block: homoglyph,,,,,False
DomainName,xn--ondive-jva363a.com,,Block,,Dnstwist homoglyph,Reason for DNSTwist Block: homoglyph,,,,,False
DomainName,xn--ondive-jva55z.com,,Block,,Dnstwist homoglyph,Reason for DNSTwist Block: homoglyph,,,,,False
DomainName,xn--ondive-jva57u.com,,Block,,Dnstwist homoglyph,Reason for DNSTwist Block: homoglyph,,,,,False
DomainName,xn--ondive-jva5931d.com,,Block,,Dnstwist homoglyph,Reason for DNSTwist Block: homoglyph,,,,,False
DomainName,xn--ondive-jva743a.com,,Block,,Dnstwist homoglyph,Reason for DNSTwist Block: homoglyph,,,,,False
DomainName,xn--ondive-jva78f.com,,Block,,Dnstwist homoglyph,Reason for DNSTwist Block: homoglyph,,,,,False
DomainName,xn--ondive-jva933a.com,,Block,,Dnstwist homoglyph,Reason for DNSTwist Block: homoglyph,,,,,False
DomainName,xn--ondive-kkc0089c.com,,Block,,Dnstwist homoglyph,Reason for DNSTwist Block: homoglyph,,,,,False
DomainName,xn--ondive-kkc44b.com,,Block,,Dnstwist homoglyph,Reason for DNSTwist Block: homoglyph,,,,,False
DomainName,xn--ondive-kkc4q.com,,Block,,Dnstwist homoglyph,Reason for DNSTwist Block: homoglyph,,,,,False
DomainName,xn--ondive-kkc6358c.com,,Block,,Dnstwist homoglyph,Reason for DNSTwist Block: homoglyph,,,,,False
DomainName,xn--ondive-kwc0239c.com,,Block,,Dnstwist homoglyph,Reason for DNSTwist Block: homoglyph,,,,,False
DomainName,xn--ondive-kwc6508c.com,,Block,,Dnstwist homoglyph,Reason for DNSTwist Block: homoglyph,,,,,False
DomainName,xn--ondive-kx7bw5a.com,,Block,,Dnstwist homoglyph,Reason for DNSTwist Block: homoglyph,,,,,False
DomainName,xn--ondive-q3a110a.com,,Block,,Dnstwist homoglyph,Reason for DNSTwist Block: homoglyph,,,,,False
DomainName,xn--ondive-q3a300a.com,,Block,,Dnstwist homoglyph,Reason for DNSTwist Block: homoglyph,,,,,False
DomainName,xn--ondive-q3a34c.com,,Block,,Dnstwist homoglyph,Reason for DNSTwist Block: homoglyph,,,,,False
DomainName,xn--ondive-q3a36r.com,,Block,,Dnstwist homoglyph,Reason for DNSTwist Block: homoglyph,,,,,False
DomainName,xn--ondive-q3a3801d.com,,Block,,Dnstwist homoglyph,Reason for DNSTwist Block: homoglyph,,,,,False
DomainName,xn--ondive-q3a5111d.com,,Block,,Dnstwist homoglyph,Reason for DNSTwist Block: homoglyph,,,,,False
DomainName,xn--ondive-q3a530a.com,,Block,,Dnstwist homoglyph,Reason for DNSTwist Block: homoglyph,,,,,False
DomainName,xn--ondive-q3a57c.com,,Block,,Dnstwist homoglyph,Reason for DNSTwist Block: homoglyph,,,,,False
DomainName,xn--ondive-q3a72w.com,,Block,,Dnstwist homoglyph,Reason for DNSTwist Block: homoglyph,,,,,False
DomainName,xn--ondive-q3a74r.com,,Block,,Dnstwist homoglyph,Reason for DNSTwist Block: homoglyph,,,,,False
DomainName,xn--ondive-q3a7601d.com,,Block,,Dnstwist homoglyph,Reason for DNSTwist Block: homoglyph,,,,,False
DomainName,xn--ondive-q3a910a.com,,Block,,Dnstwist homoglyph,Reason for DNSTwist Block: homoglyph,,,,,False
DomainName,xn--ondive-q3a95c.com,,Block,,Dnstwist homoglyph,Reason for DNSTwist Block: homoglyph,,,,,False
DomainName,xn--ondive-qva133a.com,,Block,,Dnstwist homoglyph,Reason for DNSTwist Block: homoglyph,,,,,False
DomainName,xn--ondive-qva3041d.com,,Block,,Dnstwist homoglyph,Reason for DNSTwist Block: homoglyph,,,,,False
DomainName,xn--ondive-qva323a.com,,Block,,Dnstwist homoglyph,Reason for DNSTwist Block: homoglyph,,,,,False
DomainName,xn--ondive-qva36f.com,,Block,,Dnstwist homoglyph,Reason for DNSTwist Block: homoglyph,,,,,False
DomainName,xn--ondive-qva38u.com,,Block,,Dnstwist homoglyph,Reason for DNSTwist Block: homoglyph,,,,,False
DomainName,xn--ondive-qva5341d.com,,Block,,Dnstwist homoglyph,Reason for DNSTwist Block: homoglyph,,,,,False
DomainName,xn--ondive-qva553a.com,,Block,,Dnstwist homoglyph,Reason for DNSTwist Block: homoglyph,,,,,False
DomainName,xn--ondive-qva59f.com,,Block,,Dnstwist homoglyph,Reason for DNSTwist Block: homoglyph,,,,,False
DomainName,xn--ondive-qva74z.com,,Block,,Dnstwist homoglyph,Reason for DNSTwist Block: homoglyph,,,,,False
DomainName,xn--ondive-qva76u.com,,Block,,Dnstwist homoglyph,Reason for DNSTwist Block: homoglyph,,,,,False
DomainName,xn--ondive-qva7831d.com,,Block,,Dnstwist homoglyph,Reason for DNSTwist Block: homoglyph,,,,,False
DomainName,xn--ondive-qva933a.com,,Block,,Dnstwist homoglyph,Reason for DNSTwist Block: homoglyph,,,,,False
DomainName,xn--ondive-qva97f.com,,Block,,Dnstwist homoglyph,Reason for DNSTwist Block: homoglyph,,,,,False
DomainName,xn--ondive-r6c2198c.com,,Block,,Dnstwist homoglyph,Reason for DNSTwist Block: homoglyph,,,,,False
DomainName,xn--ondive-r6c8467c.com,,Block,,Dnstwist homoglyph,Reason for DNSTwist Block: homoglyph,,,,,False
DomainName,xn--ondive-rib2721d.com,,Block,,Dnstwist homoglyph,Reason for DNSTwist Block: homoglyph,,,,,False
DomainName,xn--ondive-rib61q.com,,Block,,Dnstwist homoglyph,Reason for DNSTwist Block: homoglyph,,,,,False
DomainName,xn--ondive-rib67n.com,,Block,,Dnstwist homoglyph,Reason for DNSTwist Block: homoglyph,,,,,False
DomainName,xn--ondive-rib8000d.com,,Block,,Dnstwist homoglyph,Reason for DNSTwist Block: homoglyph,,,,,False
DomainName,xn--ondive-ry7bw3a.com,,Block,,Dnstwist homoglyph,Reason for DNSTwist Block: homoglyph,,,,,False
DomainName,xn--ondive-x4a11c.com,,Block,,Dnstwist homoglyph,Reason for DNSTwist Block: homoglyph,,,,,False
DomainName,xn--ondive-x4a17z.com,,Block,,Dnstwist homoglyph,Reason for DNSTwist Block: homoglyph,,,,,False
DomainName,xn--ondive-x4a36z.com,,Block,,Dnstwist homoglyph,Reason for DNSTwist Block: homoglyph,,,,,False
DomainName,xn--ondive-x4a51r.com,,Block,,Dnstwist homoglyph,Reason for DNSTwist Block: homoglyph,,,,,False
DomainName,xn--ondive-x4a5301d.com,,Block,,Dnstwist homoglyph,Reason for DNSTwist Block: homoglyph,,,,,False
DomainName,xn--ondive-x4a55z.com,,Block,,Dnstwist homoglyph,Reason for DNSTwist Block: homoglyph,,,,,False
DomainName,xn--ondive-x4a59b.com,,Block,,Dnstwist homoglyph,Reason for DNSTwist Block: homoglyph,,,,,False
DomainName,xn--ondive-x4a72c.com,,Block,,Dnstwist homoglyph,Reason for DNSTwist Block: homoglyph,,,,,False
DomainName,xn--ondive-x4a7601d.com,,Block,,Dnstwist homoglyph,Reason for DNSTwist Block: homoglyph,,,,,False
DomainName,xn--ondive-x4a78z.com,,Block,,Dnstwist homoglyph,Reason for DNSTwist Block: homoglyph,,,,,False
DomainName,xn--ondive-x4a9101d.com,,Block,,Dnstwist homoglyph,Reason for DNSTwist Block: homoglyph,,,,,False
DomainName,xn--ondive-x4a97v.com,,Block,,Dnstwist homoglyph,Reason for DNSTwist Block: homoglyph,,,,,False
DomainName,xn--ondive-x4a99q.com,,Block,,Dnstwist homoglyph,Reason for DNSTwist Block: homoglyph,,,,,False
DomainName,xn--ondive-y5c0867c.com,,Block,,Dnstwist homoglyph,Reason for DNSTwist Block: homoglyph,,,,,False
DomainName,xn--ondive-y5c4498c.com,,Block,,Dnstwist homoglyph,Reason for DNSTwist Block: homoglyph,,,,,False
DomainName,xn--ondive-yhb0400d.com,,Block,,Dnstwist homoglyph,Reason for DNSTwist Block: homoglyph,,,,,False
DomainName,xn--ondive-yhb4031d.com,,Block,,Dnstwist homoglyph,Reason for DNSTwist Block: homoglyph,,,,,False
DomainName,xn--ondive-yhb80o.com,,Block,,Dnstwist homoglyph,Reason for DNSTwist Block: homoglyph,,,,,False
DomainName,xn--ondive-yhb84q.com,,Block,,Dnstwist homoglyph,Reason for DNSTwist Block: homoglyph,,,,,False
DomainName,xn--ondive-ykc0258c.com,,Block,,Dnstwist homoglyph,Reason for DNSTwist Block: homoglyph,,,,,False
DomainName,xn--ondive-ykc4879c.com,,Block,,Dnstwist homoglyph,Reason for DNSTwist Block: homoglyph,,,,,False
DomainName,xn--ondive-ykc82b.com,,Block,,Dnstwist homoglyph,Reason for DNSTwist Block: homoglyph,,,,,False
DomainName,xn--ondive-ykc8o.com,,Block,,Dnstwist homoglyph,Reason for DNSTwist Block: homoglyph,,,,,False
DomainName,xn--ondive-yx7b44a.com,,Block,,Dnstwist homoglyph,Reason for DNSTwist Block: homoglyph,,,,,False
DomainName,xn--ondlriv-3xaf.com,,Block,,Dnstwist homoglyph,Reason for DNSTwist Block: homoglyph,,,,,False
DomainName,xn--ondlriv-b9af.com,,Block,,Dnstwist homoglyph,Reason for DNSTwist Block: homoglyph,,,,,False
DomainName,xn--ondlriv-c8cf.com,,Block,,Dnstwist homoglyph,Reason for DNSTwist Block: homoglyph,,,,,False
DomainName,xn--ondlriv-cyaf.com,,Block,,Dnstwist homoglyph,Reason for DNSTwist Block: homoglyph,,,,,False
DomainName,xn--ondlriv-e8af.com,,Block,,Dnstwist homoglyph,Reason for DNSTwist Block: homoglyph,,,,,False
DomainName,xn--ondlriv-h1cf.com,,Block,,Dnstwist homoglyph,Reason for DNSTwist Block: homoglyph,,,,,False
DomainName,xn--ondlriv-kyaf.com,,Block,,Dnstwist homoglyph,Reason for DNSTwist Block: homoglyph,,,,,False
DomainName,xn--ondlriv-or3cf.com,,Block,,Dnstwist homoglyph,Reason for DNSTwist Block: homoglyph,,,,,False
DomainName,xn--ondlriv-r9af.com,,Block,,Dnstwist homoglyph,Reason for DNSTwist Block: homoglyph,,,,,False
DomainName,xn--ondlriv-ss4cf.com,,Block,,Dnstwist homoglyph,Reason for DNSTwist Block: homoglyph,,,,,False
DomainName,xn--ondlriv-syaf.com,,Block,,Dnstwist homoglyph,Reason for DNSTwist Block: homoglyph,,,,,False
DomainName,xn--ondlriv-u8af.com,,Block,,Dnstwist homoglyph,Reason for DNSTwist Block: homoglyph,,,,,False
DomainName,xn--ondlriv-x7af.com,,Block,,Dnstwist homoglyph,Reason for DNSTwist Block: homoglyph,,,,,False
DomainName,xn--ondlrive-20a.com,,Block,,Dnstwist homoglyph,Reason for DNSTwist Block: homoglyph,,,,,False
DomainName,xn--ondlrive-4cb.com,,Block,,Dnstwist homoglyph,Reason for DNSTwist Block: homoglyph,,,,,False
DomainName,xn--ondlrive-5db.com,,Block,,Dnstwist homoglyph,Reason for DNSTwist Block: homoglyph,,,,,False
DomainName,xn--ondlrive-6eb.com,,Block,,Dnstwist homoglyph,Reason for DNSTwist Block: homoglyph,,,,,False
DomainName,xn--ondlrive-7x9c.com,,Block,,Dnstwist homoglyph,Reason for DNSTwist Block: homoglyph,,,,,False
DomainName,xn--ondlrive-c1a.com,,Block,,Dnstwist homoglyph,Reason for DNSTwist Block: homoglyph,,,,,False
DomainName,xn--ondlrive-cmd.com,,Block,,Dnstwist homoglyph,Reason for DNSTwist Block: homoglyph,,,,,False
DomainName,xn--ondlrive-l1a.com,,Block,,Dnstwist homoglyph,Reason for DNSTwist Block: homoglyph,,,,,False
DomainName,xn--ondlrive-med.com,,Block,,Dnstwist homoglyph,Reason for DNSTwist Block: homoglyph,,,,,False
DomainName,xn--ondlrive-ndb.com,,Block,,Dnstwist homoglyph,Reason for DNSTwist Block: homoglyph,,,,,False
DomainName,xn--ondlrive-oeb.com,,Block,,Dnstwist homoglyph,Reason for DNSTwist Block: homoglyph,,,,,False
DomainName,xn--ondlrive-u1a.com,,Block,,Dnstwist homoglyph,Reason for DNSTwist Block: homoglyph,,,,,False
DomainName,xn--ondlrive-u30d.com,,Block,,Dnstwist homoglyph,Reason for DNSTwist Block: homoglyph,,,,,False
DomainName,xn--ondr1v-43ae.com,,Block,,Dnstwist homoglyph,Reason for DNSTwist Block: homoglyph,,,,,False
DomainName,xn--ondr1v-4k7be.com,,Block,,Dnstwist homoglyph,Reason for DNSTwist Block: homoglyph,,,,,False
DomainName,xn--ondr1v-4uae.com,,Block,,Dnstwist homoglyph,Reason for DNSTwist Block: homoglyph,,,,,False
DomainName,xn--ondr1v-c5ae.com,,Block,,Dnstwist homoglyph,Reason for DNSTwist Block: homoglyph,,,,,False
DomainName,xn--ondr1v-cpce.com,,Block,,Dnstwist homoglyph,Reason for DNSTwist Block: homoglyph,,,,,False
DomainName,xn--ondr1v-cvae.com,,Block,,Dnstwist homoglyph,Reason for DNSTwist Block: homoglyph,,,,,False
DomainName,xn--ondr1v-cvce.com,,Block,,Dnstwist homoglyph,Reason for DNSTwist Block: homoglyph,,,,,False
DomainName,xn--ondr1v-j4ae.com,,Block,,Dnstwist homoglyph,Reason for DNSTwist Block: homoglyph,,,,,False
DomainName,xn--ondr1v-jvae.com,,Block,,Dnstwist homoglyph,Reason for DNSTwist Block: homoglyph,,,,,False
DomainName,xn--ondr1v-q3ae.com,,Block,,Dnstwist homoglyph,Reason for DNSTwist Block: homoglyph,,,,,False
DomainName,xn--ondr1v-qh8be.com,,Block,,Dnstwist homoglyph,Reason for DNSTwist Block: homoglyph,,,,,False
DomainName,xn--ondr1v-qvae.com,,Block,,Dnstwist homoglyph,Reason for DNSTwist Block: homoglyph,,,,,False
DomainName,xn--ondr1v-x4ae.com,,Block,,Dnstwist homoglyph,Reason for DNSTwist Block: homoglyph,,,,,False
DomainName,xn--ondr1ve-3xa.com,,Block,,Dnstwist homoglyph,Reason for DNSTwist Block: homoglyph,,,,,False
DomainName,xn--ondr1ve-b9a.com,,Block,,Dnstwist homoglyph,Reason for DNSTwist Block: homoglyph,,,,,False
DomainName,xn--ondr1ve-c8c.com,,Block,,Dnstwist homoglyph,Reason for DNSTwist Block: homoglyph,,,,,False
DomainName,xn--ondr1ve-cya.com,,Block,,Dnstwist homoglyph,Reason for DNSTwist Block: homoglyph,,,,,False
DomainName,xn--ondr1ve-e8a.com,,Block,,Dnstwist homoglyph,Reason for DNSTwist Block: homoglyph,,,,,False
DomainName,xn--ondr1ve-h1c.com,,Block,,Dnstwist homoglyph,Reason for DNSTwist Block: homoglyph,,,,,False
DomainName,xn--ondr1ve-kya.com,,Block,,Dnstwist homoglyph,Reason for DNSTwist Block: homoglyph,,,,,False
DomainName,xn--ondr1ve-or3c.com,,Block,,Dnstwist homoglyph,Reason for DNSTwist Block: homoglyph,,,,,False
DomainName,xn--ondr1ve-r9a.com,,Block,,Dnstwist homoglyph,Reason for DNSTwist Block: homoglyph,,,,,False
DomainName,xn--ondr1ve-ss4c.com,,Block,,Dnstwist homoglyph,Reason for DNSTwist Block: homoglyph,,,,,False
DomainName,xn--ondr1ve-sya.com,,Block,,Dnstwist homoglyph,Reason for DNSTwist Block: homoglyph,,,,,False
DomainName,xn--ondr1ve-u8a.com,,Block,,Dnstwist homoglyph,Reason for DNSTwist Block: homoglyph,,,,,False
DomainName,xn--ondr1ve-x7a.com,,Block,,Dnstwist homoglyph,Reason for DNSTwist Block: homoglyph,,,,,False
DomainName,xn--ondri-5o0b56bea.com,,Block,,Dnstwist homoglyph,Reason for DNSTwist Block: homoglyph,,,,,False
DomainName,xn--ondri-5o0b74gea.com,,Block,,Dnstwist homoglyph,Reason for DNSTwist Block: homoglyph,,,,,False
DomainName,xn--ondri-5rad3171d.com,,Block,,Dnstwist homoglyph,Reason for DNSTwist Block: homoglyph,,,,,False
DomainName,xn--ondri-5rad3720g.com,,Block,,Dnstwist homoglyph,Reason for DNSTwist Block: homoglyph,,,,,False
DomainName,xn--ondri-5rad5098c.com,,Block,,Dnstwist homoglyph,Reason for DNSTwist Block: homoglyph,,,,,False
DomainName,xn--ondri-5rad7920g.com,,Block,,Dnstwist homoglyph,Reason for DNSTwist Block: homoglyph,,,,,False
DomainName,xn--ondri-5rad7961d.com,,Block,,Dnstwist homoglyph,Reason for DNSTwist Block: homoglyph,,,,,False
DomainName,xn--ondri-5rad9679c.com,,Block,,Dnstwist homoglyph,Reason for DNSTwist Block: homoglyph,,,,,False
DomainName,xn--ondri-6ccd1027c.com,,Block,,Dnstwist homoglyph,Reason for DNSTwist Block: homoglyph,,,,,False
DomainName,xn--ondri-6ccd5077f.com,,Block,,Dnstwist homoglyph,Reason for DNSTwist Block: homoglyph,,,,,False
DomainName,xn--ondri-6ccd5419c.com,,Block,,Dnstwist homoglyph,Reason for DNSTwist Block: homoglyph,,,,,False
DomainName,xn--ondri-6ccd7336c.com,,Block,,Dnstwist homoglyph,Reason for DNSTwist Block: homoglyph,,,,,False
DomainName,xn--ondri-6ccd9219c.com,,Block,,Dnstwist homoglyph,Reason for DNSTwist Block: homoglyph,,,,,False
DomainName,xn--ondri-6ccd9277f.com,,Block,,Dnstwist homoglyph,Reason for DNSTwist Block: homoglyph,,,,,False
DomainName,xn--ondri-7zad1231d.com,,Block,,Dnstwist homoglyph,Reason for DNSTwist Block: homoglyph,,,,,False
DomainName,xn--ondri-7zad1299f.com,,Block,,Dnstwist homoglyph,Reason for DNSTwist Block: homoglyph,,,,,False
DomainName,xn--ondri-7zad3939c.com,,Block,,Dnstwist homoglyph,Reason for DNSTwist Block: homoglyph,,,,,False
DomainName,xn--ondri-7zad7331d.com,,Block,,Dnstwist homoglyph,Reason for DNSTwist Block: homoglyph,,,,,False
DomainName,xn--ondri-7zad7989f.com,,Block,,Dnstwist homoglyph,Reason for DNSTwist Block: homoglyph,,,,,False
DomainName,xn--ondri-7zad9258c.com,,Block,,Dnstwist homoglyph,Reason for DNSTwist Block: homoglyph,,,,,False
DomainName,xn--ondri-cicd1696c.com,,Block,,Dnstwist homoglyph,Reason for DNSTwist Block: homoglyph,,,,,False
DomainName,xn--ondri-cicd5098c.com,,Block,,Dnstwist homoglyph,Reason for DNSTwist Block: homoglyph,,,,,False
DomainName,xn--ondri-cicd5647f.com,,Block,,Dnstwist homoglyph,Reason for DNSTwist Block: homoglyph,,,,,False
DomainName,xn--ondri-cicd7906c.com,,Block,,Dnstwist homoglyph,Reason for DNSTwist Block: homoglyph,,,,,False
DomainName,xn--ondri-cicd9847f.com,,Block,,Dnstwist homoglyph,Reason for DNSTwist Block: homoglyph,,,,,False
DomainName,xn--ondri-cicd9888c.com,,Block,,Dnstwist homoglyph,Reason for DNSTwist Block: homoglyph,,,,,False
DomainName,xn--ondri-csad1679c.com,,Block,,Dnstwist homoglyph,Reason for DNSTwist Block: homoglyph,,,,,False
DomainName,xn--ondri-csad5071d.com,,Block,,Dnstwist homoglyph,Reason for DNSTwist Block: homoglyph,,,,,False
DomainName,xn--ondri-csad5620g.com,,Block,,Dnstwist homoglyph,Reason for DNSTwist Block: homoglyph,,,,,False
DomainName,xn--ondri-csad7988c.com,,Block,,Dnstwist homoglyph,Reason for DNSTwist Block: homoglyph,,,,,False
DomainName,xn--ondri-csad9820g.com,,Block,,Dnstwist homoglyph,Reason for DNSTwist Block: homoglyph,,,,,False
DomainName,xn--ondri-csad9861d.com,,Block,,Dnstwist homoglyph,Reason for DNSTwist Block: homoglyph,,,,,False
DomainName,xn--ondri-hv1bzre.com,,Block,,Dnstwist homoglyph,Reason for DNSTwist Block: homoglyph,,,,,False
DomainName,xn--ondri-isad1820g.com,,Block,,Dnstwist homoglyph,Reason for DNSTwist Block: homoglyph,,,,,False
DomainName,xn--ondri-isad1861d.com,,Block,,Dnstwist homoglyph,Reason for DNSTwist Block: homoglyph,,,,,False
DomainName,xn--ondri-isad3579c.com,,Block,,Dnstwist homoglyph,Reason for DNSTwist Block: homoglyph,,,,,False
DomainName,xn--ondri-isad7520g.com,,Block,,Dnstwist homoglyph,Reason for DNSTwist Block: homoglyph,,,,,False
DomainName,xn--ondri-isad7961d.com,,Block,,Dnstwist homoglyph,Reason for DNSTwist Block: homoglyph,,,,,False
DomainName,xn--ondri-isad9888c.com,,Block,,Dnstwist homoglyph,Reason for DNSTwist Block: homoglyph,,,,,False
DomainName,xn--ondri-jzad1658c.com,,Block,,Dnstwist homoglyph,Reason for DNSTwist Block: homoglyph,,,,,False
DomainName,xn--ondri-jzad3531d.com,,Block,,Dnstwist homoglyph,Reason for DNSTwist Block: homoglyph,,,,,False
DomainName,xn--ondri-jzad3599f.com,,Block,,Dnstwist homoglyph,Reason for DNSTwist Block: homoglyph,,,,,False
DomainName,xn--ondri-jzad5249c.com,,Block,,Dnstwist homoglyph,Reason for DNSTwist Block: homoglyph,,,,,False
DomainName,xn--ondri-jzad9299f.com,,Block,,Dnstwist homoglyph,Reason for DNSTwist Block: homoglyph,,,,,False
DomainName,xn--ondri-jzad9631d.com,,Block,,Dnstwist homoglyph,Reason for DNSTwist Block: homoglyph,,,,,False
DomainName,xn--ondri-k0ad1231d.com,,Block,,Dnstwist homoglyph,Reason for DNSTwist Block: homoglyph,,,,,False
DomainName,xn--ondri-k0ad1889f.com,,Block,,Dnstwist homoglyph,Reason for DNSTwist Block: homoglyph,,,,,False
DomainName,xn--ondri-k0ad3158c.com,,Block,,Dnstwist homoglyph,Reason for DNSTwist Block: homoglyph,,,,,False
DomainName,xn--ondri-k0ad5031d.com,,Block,,Dnstwist homoglyph,Reason for DNSTwist Block: homoglyph,,,,,False
DomainName,xn--ondri-k0ad5099f.com,,Block,,Dnstwist homoglyph,Reason for DNSTwist Block: homoglyph,,,,,False
DomainName,xn--ondri-k0ad7739c.com,,Block,,Dnstwist homoglyph,Reason for DNSTwist Block: homoglyph,,,,,False
DomainName,xn--ondri-le1bd31f.com,,Block,,Dnstwist homoglyph,Reason for DNSTwist Block: homoglyph,,,,,False
DomainName,xn--ondri-le1bd3740a.com,,Block,,Dnstwist homoglyph,Reason for DNSTwist Block: homoglyph,,,,,False
DomainName,xn--ondri-le1bd7940a.com,,Block,,Dnstwist homoglyph,Reason for DNSTwist Block: homoglyph,,,,,False
DomainName,xn--ondri-le1bd79e.com,,Block,,Dnstwist homoglyph,Reason for DNSTwist Block: homoglyph,,,,,False
DomainName,xn--ondri-n59a29eea.com,,Block,,Dnstwist homoglyph,Reason for DNSTwist Block: homoglyph,,,,,False
DomainName,xn--ondri-n59a47jea.com,,Block,,Dnstwist homoglyph,Reason for DNSTwist Block: homoglyph,,,,,False
DomainName,xn--ondri-o51bd332z.com,,Block,,Dnstwist homoglyph,Reason for DNSTwist Block: homoglyph,,,,,False
DomainName,xn--ondri-o51bd902z.com,,Block,,Dnstwist homoglyph,Reason for DNSTwist Block: homoglyph,,,,,False
DomainName,xn--ondri-osad1888c.com,,Block,,Dnstwist homoglyph,Reason for DNSTwist Block: homoglyph,,,,,False
DomainName,xn--ondri-osad3720g.com,,Block,,Dnstwist homoglyph,Reason for DNSTwist Block: homoglyph,,,,,False
DomainName,xn--ondri-osad3761d.com,,Block,,Dnstwist homoglyph,Reason for DNSTwist Block: homoglyph,,,,,False
DomainName,xn--ondri-osad5479c.com,,Block,,Dnstwist homoglyph,Reason for DNSTwist Block: homoglyph,,,,,False
DomainName,xn--ondri-osad9420g.com,,Block,,Dnstwist homoglyph,Reason for DNSTwist Block: homoglyph,,,,,False
DomainName,xn--ondri-osad9861d.com,,Block,,Dnstwist homoglyph,Reason for DNSTwist Block: homoglyph,,,,,False
DomainName,xn--ondri-tv1b8qe.com,,Block,,Dnstwist homoglyph,Reason for DNSTwist Block: homoglyph,,,,,False
DomainName,xn--ondri-vzad3199f.com,,Block,,Dnstwist homoglyph,Reason for DNSTwist Block: homoglyph,,,,,False
DomainName,xn--ondri-vzad3531d.com,,Block,,Dnstwist homoglyph,Reason for DNSTwist Block: homoglyph,,,,,False
DomainName,xn--ondri-vzad5458c.com,,Block,,Dnstwist homoglyph,Reason for DNSTwist Block: homoglyph,,,,,False
DomainName,xn--ondri-vzad7331d.com,,Block,,Dnstwist homoglyph,Reason for DNSTwist Block: homoglyph,,,,,False
DomainName,xn--ondri-vzad7399f.com,,Block,,Dnstwist homoglyph,Reason for DNSTwist Block: homoglyph,,,,,False
DomainName,xn--ondri-vzad9049c.com,,Block,,Dnstwist homoglyph,Reason for DNSTwist Block: homoglyph,,,,,False
DomainName,xn--ondri-w0ad1639c.com,,Block,,Dnstwist homoglyph,Reason for DNSTwist Block: homoglyph,,,,,False
DomainName,xn--ondri-w0ad5031d.com,,Block,,Dnstwist homoglyph,Reason for DNSTwist Block: homoglyph,,,,,False
DomainName,xn--ondri-w0ad5689f.com,,Block,,Dnstwist homoglyph,Reason for DNSTwist Block: homoglyph,,,,,False
DomainName,xn--ondri-w0ad7948c.com,,Block,,Dnstwist homoglyph,Reason for DNSTwist Block: homoglyph,,,,,False
DomainName,xn--ondri-w0ad9821d.com,,Block,,Dnstwist homoglyph,Reason for DNSTwist Block: homoglyph,,,,,False
DomainName,xn--ondri-w0ad9889f.com,,Block,,Dnstwist homoglyph,Reason for DNSTwist Block: homoglyph,,,,,False
DomainName,xn--ondrie-045b29k.com,,Block,,Dnstwist homoglyph,Reason for DNSTwist Block: homoglyph,,,,,False
DomainName,xn--ondrie-045bm7f.com,,Block,,Dnstwist homoglyph,Reason for DNSTwist Block: homoglyph,,,,,False
DomainName,xn--ondrie-43a1431d.com,,Block,,Dnstwist homoglyph,Reason for DNSTwist Block: homoglyph,,,,,False
DomainName,xn--ondrie-43a1499f.com,,Block,,Dnstwist homoglyph,Reason for DNSTwist Block: homoglyph,,,,,False
DomainName,xn--ondrie-43a3149c.com,,Block,,Dnstwist homoglyph,Reason for DNSTwist Block: homoglyph,,,,,False
DomainName,xn--ondrie-43a7199f.com,,Block,,Dnstwist homoglyph,Reason for DNSTwist Block: homoglyph,,,,,False
DomainName,xn--ondrie-43a7531d.com,,Block,,Dnstwist homoglyph,Reason for DNSTwist Block: homoglyph,,,,,False
DomainName,xn--ondrie-43a9458c.com,,Block,,Dnstwist homoglyph,Reason for DNSTwist Block: homoglyph,,,,,False
DomainName,xn--ondrie-4k7b963j.com,,Block,,Dnstwist homoglyph,Reason for DNSTwist Block: homoglyph,,,,,False
DomainName,xn--ondrie-4k7b96a.com,,Block,,Dnstwist homoglyph,Reason for DNSTwist Block: homoglyph,,,,,False
DomainName,xn--ondrie-4k7b973j.com,,Block,,Dnstwist homoglyph,Reason for DNSTwist Block: homoglyph,,,,,False
DomainName,xn--ondrie-4k7bt6a.com,,Block,,Dnstwist homoglyph,Reason for DNSTwist Block: homoglyph,,,,,False
DomainName,xn--ondrie-4ua1030g.com,,Block,,Dnstwist homoglyph,Reason for DNSTwist Block: homoglyph,,,,,False
DomainName,xn--ondrie-4ua1071d.com,,Block,,Dnstwist homoglyph,Reason for DNSTwist Block: homoglyph,,,,,False
DomainName,xn--ondrie-4ua3779c.com,,Block,,Dnstwist homoglyph,Reason for DNSTwist Block: homoglyph,,,,,False
DomainName,xn--ondrie-4ua7171d.com,,Block,,Dnstwist homoglyph,Reason for DNSTwist Block: homoglyph,,,,,False
DomainName,xn--ondrie-4ua7720g.com,,Block,,Dnstwist homoglyph,Reason for DNSTwist Block: homoglyph,,,,,False
DomainName,xn--ondrie-4ua9098c.com,,Block,,Dnstwist homoglyph,Reason for DNSTwist Block: homoglyph,,,,,False
DomainName,xn--ondrie-747b2s.com,,Block,,Dnstwist homoglyph,Reason for DNSTwist Block: homoglyph,,,,,False
DomainName,xn--ondrie-c5a1058c.com,,Block,,Dnstwist homoglyph,Reason for DNSTwist Block: homoglyph,,,,,False
DomainName,xn--ondrie-c5a3921d.com,,Block,,Dnstwist homoglyph,Reason for DNSTwist Block: homoglyph,,,,,False
DomainName,xn--ondrie-c5a3989f.com,,Block,,Dnstwist homoglyph,Reason for DNSTwist Block: homoglyph,,,,,False
DomainName,xn--ondrie-c5a5639c.com,,Block,,Dnstwist homoglyph,Reason for DNSTwist Block: homoglyph,,,,,False
DomainName,xn--ondrie-c5a9031d.com,,Block,,Dnstwist homoglyph,Reason for DNSTwist Block: homoglyph,,,,,False
DomainName,xn--ondrie-c5a9689f.com,,Block,,Dnstwist homoglyph,Reason for DNSTwist Block: homoglyph,,,,,False
DomainName,xn--ondrie-cpc1436c.com,,Block,,Dnstwist homoglyph,Reason for DNSTwist Block: homoglyph,,,,,False
DomainName,xn--ondrie-cpc3319c.com,,Block,,Dnstwist homoglyph,Reason for DNSTwist Block: homoglyph,,,,,False
DomainName,xn--ondrie-cpc3377f.com,,Block,,Dnstwist homoglyph,Reason for DNSTwist Block: homoglyph,,,,,False
DomainName,xn--ondrie-cpc5027c.com,,Block,,Dnstwist homoglyph,Reason for DNSTwist Block: homoglyph,,,,,False
DomainName,xn--ondrie-cpc9077f.com,,Block,,Dnstwist homoglyph,Reason for DNSTwist Block: homoglyph,,,,,False
DomainName,xn--ondrie-cpc9419c.com,,Block,,Dnstwist homoglyph,Reason for DNSTwist Block: homoglyph,,,,,False
DomainName,xn--ondrie-cva1098c.com,,Block,,Dnstwist homoglyph,Reason for DNSTwist Block: homoglyph,,,,,False
DomainName,xn--ondrie-cva3920g.com,,Block,,Dnstwist homoglyph,Reason for DNSTwist Block: homoglyph,,,,,False
DomainName,xn--ondrie-cva3961d.com,,Block,,Dnstwist homoglyph,Reason for DNSTwist Block: homoglyph,,,,,False
DomainName,xn--ondrie-cva5679c.com,,Block,,Dnstwist homoglyph,Reason for DNSTwist Block: homoglyph,,,,,False
DomainName,xn--ondrie-cva9071d.com,,Block,,Dnstwist homoglyph,Reason for DNSTwist Block: homoglyph,,,,,False
DomainName,xn--ondrie-cva9620g.com,,Block,,Dnstwist homoglyph,Reason for DNSTwist Block: homoglyph,,,,,False
DomainName,xn--ondrie-cvc1016c.com,,Block,,Dnstwist homoglyph,Reason for DNSTwist Block: homoglyph,,,,,False
DomainName,xn--ondrie-cvc3947f.com,,Block,,Dnstwist homoglyph,Reason for DNSTwist Block: homoglyph,,,,,False
DomainName,xn--ondrie-cvc3988c.com,,Block,,Dnstwist homoglyph,Reason for DNSTwist Block: homoglyph,,,,,False
DomainName,xn--ondrie-cvc5696c.com,,Block,,Dnstwist homoglyph,Reason for DNSTwist Block: homoglyph,,,,,False
DomainName,xn--ondrie-cvc9098c.com,,Block,,Dnstwist homoglyph,Reason for DNSTwist Block: homoglyph,,,,,False
DomainName,xn--ondrie-cvc9647f.com,,Block,,Dnstwist homoglyph,Reason for DNSTwist Block: homoglyph,,,,,False
DomainName,xn--ondrie-j4a1099f.com,,Block,,Dnstwist homoglyph,Reason for DNSTwist Block: homoglyph,,,,,False
DomainName,xn--ondrie-j4a1431d.com,,Block,,Dnstwist homoglyph,Reason for DNSTwist Block: homoglyph,,,,,False
DomainName,xn--ondrie-j4a3358c.com,,Block,,Dnstwist homoglyph,Reason for DNSTwist Block: homoglyph,,,,,False
DomainName,xn--ondrie-j4a5231d.com,,Block,,Dnstwist homoglyph,Reason for DNSTwist Block: homoglyph,,,,,False
DomainName,xn--ondrie-j4a5299f.com,,Block,,Dnstwist homoglyph,Reason for DNSTwist Block: homoglyph,,,,,False
DomainName,xn--ondrie-j4a7939c.com,,Block,,Dnstwist homoglyph,Reason for DNSTwist Block: homoglyph,,,,,False
DomainName,xn--ondrie-jva1071d.com,,Block,,Dnstwist homoglyph,Reason for DNSTwist Block: homoglyph,,,,,False
DomainName,xn--ondrie-jva1620g.com,,Block,,Dnstwist homoglyph,Reason for DNSTwist Block: homoglyph,,,,,False
DomainName,xn--ondrie-jva3988c.com,,Block,,Dnstwist homoglyph,Reason for DNSTwist Block: homoglyph,,,,,False
DomainName,xn--ondrie-jva5820g.com,,Block,,Dnstwist homoglyph,Reason for DNSTwist Block: homoglyph,,,,,False
DomainName,xn--ondrie-jva5861d.com,,Block,,Dnstwist homoglyph,Reason for DNSTwist Block: homoglyph,,,,,False
DomainName,xn--ondrie-jva7579c.com,,Block,,Dnstwist homoglyph,Reason for DNSTwist Block: homoglyph,,,,,False
DomainName,xn--ondrie-mr6b23h.com,,Block,,Dnstwist homoglyph,Reason for DNSTwist Block: homoglyph,,,,,False
DomainName,xn--ondrie-mr6bm1c.com,,Block,,Dnstwist homoglyph,Reason for DNSTwist Block: homoglyph,,,,,False
DomainName,xn--ondrie-q3a3399f.com,,Block,,Dnstwist homoglyph,Reason for DNSTwist Block: homoglyph,,,,,False
DomainName,xn--ondrie-q3a3731d.com,,Block,,Dnstwist homoglyph,Reason for DNSTwist Block: homoglyph,,,,,False
DomainName,xn--ondrie-q3a5658c.com,,Block,,Dnstwist homoglyph,Reason for DNSTwist Block: homoglyph,,,,,False
DomainName,xn--ondrie-q3a7531d.com,,Block,,Dnstwist homoglyph,Reason for DNSTwist Block: homoglyph,,,,,False
DomainName,xn--ondrie-q3a7599f.com,,Block,,Dnstwist homoglyph,Reason for DNSTwist Block: homoglyph,,,,,False
DomainName,xn--ondrie-q3a9249c.com,,Block,,Dnstwist homoglyph,Reason for DNSTwist Block: homoglyph,,,,,False
DomainName,xn--ondrie-qh8bx83i.com,,Block,,Dnstwist homoglyph,Reason for DNSTwist Block: homoglyph,,,,,False
DomainName,xn--ondrie-qh8by73i.com,,Block,,Dnstwist homoglyph,Reason for DNSTwist Block: homoglyph,,,,,False
DomainName,xn--ondrie-qva3520g.com,,Block,,Dnstwist homoglyph,Reason for DNSTwist Block: homoglyph,,,,,False
DomainName,xn--ondrie-qva3961d.com,,Block,,Dnstwist homoglyph,Reason for DNSTwist Block: homoglyph,,,,,False
DomainName,xn--ondrie-qva5888c.com,,Block,,Dnstwist homoglyph,Reason for DNSTwist Block: homoglyph,,,,,False
DomainName,xn--ondrie-qva7720g.com,,Block,,Dnstwist homoglyph,Reason for DNSTwist Block: homoglyph,,,,,False
DomainName,xn--ondrie-qva7761d.com,,Block,,Dnstwist homoglyph,Reason for DNSTwist Block: homoglyph,,,,,False
DomainName,xn--ondrie-qva9479c.com,,Block,,Dnstwist homoglyph,Reason for DNSTwist Block: homoglyph,,,,,False
DomainName,xn--ondrie-t47but.com,,Block,,Dnstwist homoglyph,Reason for DNSTwist Block: homoglyph,,,,,False
DomainName,xn--ondrie-x4a1839c.com,,Block,,Dnstwist homoglyph,Reason for DNSTwist Block: homoglyph,,,,,False
DomainName,xn--ondrie-x4a5231d.com,,Block,,Dnstwist homoglyph,Reason for DNSTwist Block: homoglyph,,,,,False
DomainName,xn--ondrie-x4a5889f.com,,Block,,Dnstwist homoglyph,Reason for DNSTwist Block: homoglyph,,,,,False
DomainName,xn--ondrie-x4a7158c.com,,Block,,Dnstwist homoglyph,Reason for DNSTwist Block: homoglyph,,,,,False
DomainName,xn--ondrie-x4a9031d.com,,Block,,Dnstwist homoglyph,Reason for DNSTwist Block: homoglyph,,,,,False
DomainName,xn--ondrie-x4a9099f.com,,Block,,Dnstwist homoglyph,Reason for DNSTwist Block: homoglyph,,,,,False
DomainName,xn--ondriv-14a1871d.com,,Block,,Dnstwist homoglyph,Reason for DNSTwist Block: homoglyph,,,,,False
DomainName,xn--ondriv-14a52v.com,,Block,,Dnstwist homoglyph,Reason for DNSTwist Block: homoglyph,,,,,False
DomainName,xn--ondriv-14a58s.com,,Block,,Dnstwist homoglyph,Reason for DNSTwist Block: homoglyph,,,,,False
DomainName,xn--ondriv-14a7150d.com,,Block,,Dnstwist homoglyph,Reason for DNSTwist Block: homoglyph,,,,,False
DomainName,xn--ondriv-14al.com,,Block,,Dnstwist homoglyph,Reason for DNSTwist Block: homoglyph,,,,,False
DomainName,xn--ondriv-41ae.com,,Block,,Dnstwist homoglyph,Reason for DNSTwist Block: homoglyph,,,,,False
DomainName,xn--ondriv-43a0b.com,,Block,,Dnstwist homoglyph,Reason for DNSTwist Block: homoglyph,,,,,False
DomainName,xn--ondriv-43a2281d.com,,Block,,Dnstwist homoglyph,Reason for DNSTwist Block: homoglyph,,,,,False
DomainName,xn--ondriv-43a62t.com,,Block,,Dnstwist homoglyph,Reason for DNSTwist Block: homoglyph,,,,,False
DomainName,xn--ondriv-43a66v.com,,Block,,Dnstwist homoglyph,Reason for DNSTwist Block: homoglyph,,,,,False
DomainName,xn--ondriv-43a6c.com,,Block,,Dnstwist homoglyph,Reason for DNSTwist Block: homoglyph,,,,,False
DomainName,xn--ondriv-43a8550d.com,,Block,,Dnstwist homoglyph,Reason for DNSTwist Block: homoglyph,,,,,False
DomainName,xn--ondriv-43ae.com,,Block,,Dnstwist homoglyph,Reason for DNSTwist Block: homoglyph,,,,,False
DomainName,xn--ondriv-43au.com,,Block,,Dnstwist homoglyph,Reason for DNSTwist Block: homoglyph,,,,,False
DomainName,xn--ondriv-4k7be.com,,Block,,Dnstwist homoglyph,Reason for DNSTwist Block: homoglyph,,,,,False
DomainName,xn--ondriv-4k7bu6c.com,,Block,,Dnstwist homoglyph,Reason for DNSTwist Block: homoglyph,,,,,False
DomainName,xn--ondriv-4rbe.com,,Block,,Dnstwist homoglyph,Reason for DNSTwist Block: homoglyph,,,,,False
DomainName,xn--ondriv-4ua01b.com,,Block,,Dnstwist homoglyph,Reason for DNSTwist Block: homoglyph,,,,,False
DomainName,xn--ondriv-4ua26a.com,,Block,,Dnstwist homoglyph,Reason for DNSTwist Block: homoglyph,,,,,False
DomainName,xn--ondriv-4ua2812d.com,,Block,,Dnstwist homoglyph,Reason for DNSTwist Block: homoglyph,,,,,False
DomainName,xn--ondriv-4ua2a.com,,Block,,Dnstwist homoglyph,Reason for DNSTwist Block: homoglyph,,,,,False
DomainName,xn--ondriv-4ua49a.com,,Block,,Dnstwist homoglyph,Reason for DNSTwist Block: homoglyph,,,,,False
DomainName,xn--ondriv-4ua62b.com,,Block,,Dnstwist homoglyph,Reason for DNSTwist Block: homoglyph,,,,,False
DomainName,xn--ondriv-4ua62z.com,,Block,,Dnstwist homoglyph,Reason for DNSTwist Block: homoglyph,,,,,False
DomainName,xn--ondriv-4ua68w.com,,Block,,Dnstwist homoglyph,Reason for DNSTwist Block: homoglyph,,,,,False
DomainName,xn--ondriv-4ua8190d.com,,Block,,Dnstwist homoglyph,Reason for DNSTwist Block: homoglyph,,,,,False
DomainName,xn--ondriv-4ua87a.com,,Block,,Dnstwist homoglyph,Reason for DNSTwist Block: homoglyph,,,,,False
DomainName,xn--ondriv-4uae.com,,Block,,Dnstwist homoglyph,Reason for DNSTwist Block: homoglyph,,,,,False
DomainName,xn--ondriv-4uam.com,,Block,,Dnstwist homoglyph,Reason for DNSTwist Block: homoglyph,,,,,False
DomainName,xn--ondriv-4uau.com,,Block,,Dnstwist homoglyph,Reason for DNSTwist Block: homoglyph,,,,,False
DomainName,xn--ondriv-83a1a.com,,Block,,Dnstwist homoglyph,Reason for DNSTwist Block: homoglyph,,,,,False
DomainName,xn--ondriv-83a3181d.com,,Block,,Dnstwist homoglyph,Reason for DNSTwist Block: homoglyph,,,,,False
DomainName,xn--ondriv-83a71t.com,,Block,,Dnstwist homoglyph,Reason for DNSTwist Block: homoglyph,,,,,False
DomainName,xn--ondriv-83a75v.com,,Block,,Dnstwist homoglyph,Reason for DNSTwist Block: homoglyph,,,,,False
DomainName,xn--ondriv-83a7b.com,,Block,,Dnstwist homoglyph,Reason for DNSTwist Block: homoglyph,,,,,False
DomainName,xn--ondriv-83a9450d.com,,Block,,Dnstwist homoglyph,Reason for DNSTwist Block: homoglyph,,,,,False
DomainName,xn--ondriv-83al.com,,Block,,Dnstwist homoglyph,Reason for DNSTwist Block: homoglyph,,,,,False
DomainName,xn--ondriv-8k7b95c.com,,Block,,Dnstwist homoglyph,Reason for DNSTwist Block: homoglyph,,,,,False
DomainName,xn--ondriv-8ua10b.com,,Block,,Dnstwist homoglyph,Reason for DNSTwist Block: homoglyph,,,,,False
DomainName,xn--ondriv-8ua35a.com,,Block,,Dnstwist homoglyph,Reason for DNSTwist Block: homoglyph,,,,,False
DomainName,xn--ondriv-8ua3712d.com,,Block,,Dnstwist homoglyph,Reason for DNSTwist Block: homoglyph,,,,,False
DomainName,xn--ondriv-8ua58a.com,,Block,,Dnstwist homoglyph,Reason for DNSTwist Block: homoglyph,,,,,False
DomainName,xn--ondriv-8ua71b.com,,Block,,Dnstwist homoglyph,Reason for DNSTwist Block: homoglyph,,,,,False
DomainName,xn--ondriv-8ua71z.com,,Block,,Dnstwist homoglyph,Reason for DNSTwist Block: homoglyph,,,,,False
DomainName,xn--ondriv-8ua77w.com,,Block,,Dnstwist homoglyph,Reason for DNSTwist Block: homoglyph,,,,,False
DomainName,xn--ondriv-8ua9090d.com,,Block,,Dnstwist homoglyph,Reason for DNSTwist Block: homoglyph,,,,,False
DomainName,xn--ondriv-8ua96a.com,,Block,,Dnstwist homoglyph,Reason for DNSTwist Block: homoglyph,,,,,False
DomainName,xn--ondriv-8uad.com,,Block,,Dnstwist homoglyph,Reason for DNSTwist Block: homoglyph,,,,,False
DomainName,xn--ondriv-8ual.com,,Block,,Dnstwist homoglyph,Reason for DNSTwist Block: homoglyph,,,,,False
DomainName,xn--ondriv-8uat.com,,Block,,Dnstwist homoglyph,Reason for DNSTwist Block: homoglyph,,,,,False
DomainName,xn--ondriv-c1ae.com,,Block,,Dnstwist homoglyph,Reason for DNSTwist Block: homoglyph,,,,,False
DomainName,xn--ondriv-c5a0150d.com,,Block,,Dnstwist homoglyph,Reason for DNSTwist Block: homoglyph,,,,,False
DomainName,xn--ondriv-c5a4771d.com,,Block,,Dnstwist homoglyph,Reason for DNSTwist Block: homoglyph,,,,,False
DomainName,xn--ondriv-c5a81v.com,,Block,,Dnstwist homoglyph,Reason for DNSTwist Block: homoglyph,,,,,False
DomainName,xn--ondriv-c5a87s.com,,Block,,Dnstwist homoglyph,Reason for DNSTwist Block: homoglyph,,,,,False
DomainName,xn--ondriv-c5ae.com,,Block,,Dnstwist homoglyph,Reason for DNSTwist Block: homoglyph,,,,,False
DomainName,xn--ondriv-cpc0538c.com,,Block,,Dnstwist homoglyph,Reason for DNSTwist Block: homoglyph,,,,,False
DomainName,xn--ondriv-cpc4169c.com,,Block,,Dnstwist homoglyph,Reason for DNSTwist Block: homoglyph,,,,,False
DomainName,xn--ondriv-cpc8v.com,,Block,,Dnstwist homoglyph,Reason for DNSTwist Block: homoglyph,,,,,False
DomainName,xn--ondriv-cpce.com,,Block,,Dnstwist homoglyph,Reason for DNSTwist Block: homoglyph,,,,,False
DomainName,xn--ondriv-cva0190d.com,,Block,,Dnstwist homoglyph,Reason for DNSTwist Block: homoglyph,,,,,False
DomainName,xn--ondriv-cva07a.com,,Block,,Dnstwist homoglyph,Reason for DNSTwist Block: homoglyph,,,,,False
DomainName,xn--ondriv-cva20b.com,,Block,,Dnstwist homoglyph,Reason for DNSTwist Block: homoglyph,,,,,False
DomainName,xn--ondriv-cva45a.com,,Block,,Dnstwist homoglyph,Reason for DNSTwist Block: homoglyph,,,,,False
DomainName,xn--ondriv-cva4712d.com,,Block,,Dnstwist homoglyph,Reason for DNSTwist Block: homoglyph,,,,,False
DomainName,xn--ondriv-cva68a.com,,Block,,Dnstwist homoglyph,Reason for DNSTwist Block: homoglyph,,,,,False
DomainName,xn--ondriv-cva81b.com,,Block,,Dnstwist homoglyph,Reason for DNSTwist Block: homoglyph,,,,,False
DomainName,xn--ondriv-cva81z.com,,Block,,Dnstwist homoglyph,Reason for DNSTwist Block: homoglyph,,,,,False
DomainName,xn--ondriv-cva87w.com,,Block,,Dnstwist homoglyph,Reason for DNSTwist Block: homoglyph,,,,,False
DomainName,xn--ondriv-cvae.com,,Block,,Dnstwist homoglyph,Reason for DNSTwist Block: homoglyph,,,,,False
DomainName,xn--ondriv-cvam.com,,Block,,Dnstwist homoglyph,Reason for DNSTwist Block: homoglyph,,,,,False
DomainName,xn--ondriv-cvau.com,,Block,,Dnstwist homoglyph,Reason for DNSTwist Block: homoglyph,,,,,False
DomainName,xn--ondriv-cvc0118c.com,,Block,,Dnstwist homoglyph,Reason for DNSTwist Block: homoglyph,,,,,False
DomainName,xn--ondriv-cvc4739c.com,,Block,,Dnstwist homoglyph,Reason for DNSTwist Block: homoglyph,,,,,False
